category,lemma,aux,participle
IVerb,blijven,zijn,gebleven
IVerb,landen,hebben,geland
IVerb,slapen,hebben,geslapen
IVerb,kosten,hebben,gekost
IVerb,stappen,hebben,gestapt
IVerb,reizen,hebben,gereisd
IVerb,reageren,hebben,gereageerd
IVerb,lachen,hebben,gelachen
IVerb,vechten,hebben,gevochten
IVerb,verschillen,hebben,verschild
IVerb,duren,hebben,geduurd
IVerb,verdwijnen,zijn,verdwenen
IVerb,zwemmen,hebben,gezwommen
IVerb,vissen,hebben,gevist
IVerb,vertrekken,hebben,vertrokken
IVerb,vluchten,hebben,gevlucht
IVerb,behoren,hebben,behoord
IVerb,kampen,hebben,gekampt
IVerb,overlijden,zijn,overleden
IVerb,klagen,hebben,geklaagd
IVerb,ontsnappen,hebben,ontsnapt
IVerb,verhuizen,hebben,verhuisd
IVerb,verschijnen,zijn,verschenen
IVerb,bedanken,hebben,bedankt
IVerb,lukken,zijn,gelukt
IVerb,letten,hebben,gelet
IVerb,zwijgen,hebben,gezwegen
IVerb,handelen,hebben,gehandeld
IVerb,spellen,hebben,gespeld
IVerb,gelden,hebben,gegolden
IVerb,slagen,zijn,geslaagd
IVerb,ontbreken,hebben,ontbroken
IVerb,verblijven,hebben,verbleven
IVerb,duiken,hebben,gedoken
IVerb,wennen,hebben,gewend
IVerb,sparen,hebben,gespaard
IVerb,profiteren,hebben,geprofiteerd
IVerb,beschikken,hebben,beschikt
IVerb,functioneren,hebben,gefunctioneerd
IVerb,klinken,hebben,geklonken
IVerb,stranden,hebben,gestrand
IVerb,schudden,hebben,geschud
IVerb,koppen,hebben,gekopt
IVerb,dalen,hebben,gedaald
IVerb,twijfelen,hebben,getwijfeld
IVerb,winkelen,hebben,gewinkeld
IVerb,schamen,hebben,geschaamd
IVerb,onderhandelen,hebben,onderhandeld
IVerb,bemoeien,hebben,bemoeid
IVerb,falen,hebben,gefaald
IVerb,schijnen,hebben,geschenen
IVerb,verbazen,hebben,verbaasd
IVerb,verzetten,hebben,verzet
IVerb,voetballen,hebben,gevoetbald
IVerb,schaatsen,hebben,geschaatst
IVerb,dreigen,hebben,gedreigd
IVerb,ademen,hebben,geademd
IVerb,logeren,hebben,gelogeerd
IVerb,vervelen,hebben,verveeld
IVerb,bedienen,hebben,bediend
IVerb,verenigen,hebben,verenigd
IVerb,belanden,hebben,beland
IVerb,discussiëren,hebben,gediscussieerd
IVerb,rapporteren,hebben,gerapporteerd
IVerb,krimpen,hebben,gekrompen
IVerb,activeren,hebben,geactiveerd
IVerb,heersen,hebben,geheerst
IVerb,arriveren,hebben,gearriveerd
IVerb,fungeren,hebben,gefungeerd
IVerb,mislukken,zijn,mislukt
IVerb,glijden,hebben,gegleden
IVerb,suggereren,hebben,gesuggereerd
IVerb,dineren,hebben,gedineerd
IVerb,ontwaken,hebben,ontwaakt
IVerb,manipuleren,hebben,gemanipuleerd
IVerb,verkeren,hebben,verkeerd
IVerb,vloeien,hebben,gevloeid
IVerb,rouwen,hebben,gerouwd
IVerb,vergaderen,hebben,vergaderd
IVerb,botsen,hebben,gebotst
IVerb,ontploffen,hebben,ontploft
IVerb,verheugen,hebben,verheugd
IVerb,onttrekken,hebben,onttrokken
IVerb,glimlachen,hebben,geglimlacht
IVerb,verrijken,hebben,verrijkt
IVerb,emigreren,hebben,geëmigreerd
IVerb,stinken,hebben,gestonken
IVerb,verbreden,hebben,verbreed
IVerb,trachten,hebben,getracht
IVerb,dateren,hebben,gedateerd
IVerb,volstaan,hebben,volstaan
IVerb,schitteren,hebben,geschitterd
IVerb,promoveren,hebben,gepromoveerd
IVerb,vriezen,hebben,gevroren
IVerb,sneuvelen,hebben,gesneuveld
IVerb,bukken,hebben,gebukt
IVerb,bemiddelen,hebben,bemiddeld
IVerb,zegevieren,hebben,gezegevierd
IVerb,rijpen,hebben,gerijpt
IVerb,tasten,hebben,getast
IVerb,resulteren,hebben,geresulteerd
IVerb,geschieden,hebben,geschied
IVerb,wreken,hebben,gewroken
IVerb,knikken,hebben,geknikt
IVerb,flippen,hebben,geflipt
IVerb,vertoeven,hebben,vertoefd
IVerb,rijzen,hebben,gerezen
IVerb,mikken,hebben,gemikt
IVerb,nestelen,hebben,genesteld
IVerb,pauzeren,hebben,gepauzeerd
IVerb,berusten,hebben,berust
IVerb,verrijzen,hebben,verrezen
IVerb,bezwijken,hebben,bezweken
TVerb,doden,hebben,gedood
TVerb,boeken,hebben,geboekt
TVerb,verhalen,hebben,verhaald
TVerb,beschermen,hebben,beschermd
TVerb,verdienen,hebben,verdiend
TVerb,vieren,hebben,gevierd
TVerb,bezoeken,hebben,bezocht
TVerb,kleuren,hebben,gekleurd
TVerb,wensen,hebben,gewenst
TVerb,organiseren,hebben,georganiseerd
TVerb,verwijderen,hebben,verwijderd
TVerb,leveren,hebben,geleverd
TVerb,herinneren,hebben,herinnerd
TVerb,bespreken,hebben,besproken
TVerb,ontmoeten,hebben,ontmoet
TVerb,dekken,hebben,gedekt
TVerb,regelen,hebben,geregeld
TVerb,behandelen,hebben,behandeld
TVerb,verzamelen,hebben,verzameld
TVerb,bevatten,hebben,bevat
TVerb,overleven,hebben,overleefd
TVerb,accepteren,hebben,geaccepteerd
TVerb,oefenen,hebben,geoefend
TVerb,ondernemen,hebben,ondernomen
TVerb,ondersteunen,hebben,ondersteund
TVerb,roken,hebben,gerookt
TVerb,kenmerken,hebben,gekenmerkt
TVerb,vergelijken,hebben,vergeleken
TVerb,verslaan,hebben,verslagen
TVerb,negeren,hebben,genegeerd
TVerb,veroorzaken,hebben,veroorzaakt
TVerb,verbergen,hebben,verborgen
TVerb,bezorgen,hebben,bezorgd
TVerb,vullen,hebben,gevuld
TVerb,verhogen,hebben,verhoogd
TVerb,ontwerpen,hebben,ontworpen
TVerb,versterken,hebben,versterkt
TVerb,vermoorden,hebben,vermoord
TVerb,beantwoorden,hebben,beantwoord
TVerb,vergroten,hebben,vergroot
TVerb,vernietigen,hebben,vernietigd
TVerb,stimuleren,hebben,gestimuleerd
TVerb,besteden,hebben,besteed
TVerb,informeren,hebben,geïnformeerd
TVerb,bewaren,hebben,bewaard
TVerb,herkennen,hebben,herkend
TVerb,bestrijden,hebben,bestreden
TVerb,verkrijgen,hebben,verkregen
TVerb,verbinden,hebben,verbonden
TVerb,arresteren,hebben,gearresteerd
TVerb,verzinnen,hebben,verzonnen
TVerb,beschrijven,hebben,beschreven
TVerb,huren,hebben,gehuurd
TVerb,dwingen,hebben,gedwongen
TVerb,verzorgen,hebben,verzorgd
TVerb,garanderen,hebben,gegarandeerd
TVerb,ontkennen,hebben,ontkend
TVerb,snijden,hebben,gesneden
TVerb,schilderen,hebben,geschilderd
TVerb,presenteren,hebben,gepresenteerd
TVerb,combineren,hebben,gecombineerd
TVerb,betrekken,hebben,betrokken
TVerb,vervullen,hebben,vervuld
TVerb,inspireren,hebben,geïnspireerd
TVerb,verlengen,hebben,verlengd
TVerb,herhalen,hebben,herhaald
TVerb,verbranden,hebben,verbrand
TVerb,verdelen,hebben,verdeeld
TVerb,registreren,hebben,geregistreerd
TVerb,vertalen,hebben,vertaald
TVerb,bereiden,hebben,bereid
TVerb,wijzigen,hebben,gewijzigd
TVerb,beïnvloeden,hebben,beïnvloed
TVerb,vestigen,hebben,gevestigd
TVerb,beschouwen,hebben,beschouwd
TVerb,vertegenwoordigen,hebben,vertegenwoordigd
TVerb,beheersen,hebben,beheerst
TVerb,vervoeren,hebben,vervoerd
TVerb,verlenen,hebben,verleend
TVerb,bestuderen,hebben,bestudeerd
TVerb,achterhalen,hebben,achterhaald
TVerb,voeden,hebben,gevoed
TVerb,bezitten,hebben,bezeten
TVerb,respecteren,hebben,gerespecteerd
TVerb,snappen,hebben,gesnapt
TVerb,verlagen,hebben,verlaagd
TVerb,bevrijden,hebben,bevrijd
TVerb,installeren,hebben,geïnstalleerd
TVerb,benoemen,hebben,benoemd
TVerb,checken,hebben,gecheckt
TVerb,variëren,hebben,gevarieerd
TVerb,verrichten,hebben,verricht
TVerb,putten,hebben,geput
TVerb,veroveren,hebben,veroverd
TVerb,regeren,hebben,geregeerd
TVerb,begeleiden,hebben,begeleid
TVerb,aanvaarden,hebben,aanvaard
TVerb,zenden,hebben,gezonden
TVerb,werpen,hebben,geworpen
TVerb,benaderen,hebben,benaderd
TVerb,beheren,hebben,beheerd
TVerb,financieren,hebben,gefinancierd
TVerb,verstrekken,hebben,verstrekt
TVerb,slikken,hebben,geslikt
TVerb,analyseren,hebben,geanalyseerd
TVerb,zwaaien,hebben,gezwaaid
TVerb,bedreigen,hebben,bedreigd
TVerb,koppelen,hebben,gekoppeld
TVerb,programmeren,hebben,geprogrammeerd
TVerb,verspillen,hebben,verspild
TVerb,versieren,hebben,versierd
TVerb,likken,hebben,gelikt
TVerb,beschuldigen,hebben,beschuldigd
Verb_Comp,maken,hebben,gemaakt
Verb_Comp,zien,hebben,gezien
Verb_Comp,vinden,hebben,gevonden
Verb_Comp,krijgen,hebben,gekregen
Verb_Comp,nemen,hebben,genomen
Verb_Comp,helpen,hebben,geholpen
Verb_Comp,denken,hebben,gedacht
Verb_Comp,zorgen,hebben,gezorgd
Verb_Comp,brengen,hebben,gebracht
Verb_Comp,horen,hebben,gehoord
Verb_Comp,zoeken,hebben,gezocht
Verb_Comp,lezen,hebben,gelezen
Verb_Comp,noemen,hebben,genoemd
Verb_Comp,schrijven,hebben,geschreven
Verb_Comp,begrijpen,hebben,begrepen
Verb_Comp,hopen,hebben,gehoopt
Verb_Comp,bekijken,hebben,bekeken
Verb_Comp,verliezen,hebben,verloren
Verb_Comp,eisen,hebben,geëist
Verb_Comp,verwachten,hebben,verwacht
Verb_Comp,dromen,hebben,gedroomd
Verb_Comp,melden,hebben,gemeld
