category,lemma,pres_sing,pres_plur,past_sing,past_plur
TVerb,doden,doodt,doden,doodde,doodden
TVerb,boeken,boekt,boeken,boekte,boekten
TVerb,verhalen,verhaalt,verhalen,verhaalde,verhaalden
TVerb,beschermen,beschermt,beschermen,beschermde,beschermden
TVerb,verdienen,verdient,verdienen,verdiende,verdienden
TVerb,vieren,viert,vieren,vierde,vierden
TVerb,bezoeken,bezoekt,bezoeken,bezocht,bezochten
TVerb,kleuren,kleurt,kleuren,kleurde,kleurden
TVerb,wensen,wenst,wensen,wenste,wensten
TVerb,organiseren,organiseert,organiseren,organiseerde,organiseerden
TVerb,verwijderen,verwijdert,verwijderen,verwijderde,verwijderden
TVerb,leveren,levert,leveren,leverde,leverden
TVerb,herinneren,herinnert,herinneren,herinnerde,herinnerden
TVerb,bespreken,bespreekt,bespreken,besprak,bespraken
TVerb,ontmoeten,ontmoet,ontmoeten,ontmoette,ontmoetten
TVerb,dekken,dekt,dekken,dekte,dekten
TVerb,regelen,regelt,regelen,regelde,regelden
TVerb,behandelen,behandelt,behandelen,behandelde,behandelden
TVerb,verzamelen,verzamelt,verzamelen,verzamelde,verzamelden
TVerb,bevatten,bevat,bevatten,bevatte,bevatten
TVerb,overleven,overleeft,overleven,overleefde,overleefden
TVerb,accepteren,accepteert,accepteren,accepteerde,accepteerden
TVerb,oefenen,oefent,oefenen,oefende,oefenden
TVerb,ondernemen,onderneemt,ondernemen,ondernam,ondernamen
TVerb,ondersteunen,ondersteunt,ondersteunen,ondersteunde,ondersteunden
TVerb,roken,rookt,roken,rookte,rookten
TVerb,kenmerken,kenmerkt,kenmerken,kenmerkte,kenmerkten
TVerb,vergelijken,vergelijkt,vergelijken,vergeleek,vergeleken
TVerb,verslaan,verslaat,verslaan,versloeg,versloegen
TVerb,negeren,negeert,negeren,negeerde,negeerden
TVerb,veroorzaken,veroorzaakt,veroorzaken,veroorzaakte,veroorzaakten
TVerb,verbergen,verbergt,verbergen,verborg,verborgen
TVerb,bezorgen,bezorgt,bezorgen,bezorgde,bezorgden
TVerb,vullen,vult,vullen,vulde,vulden
TVerb,verhogen,verhoogt,verhogen,verhoogde,verhoogden
TVerb,ontwerpen,ontwerpt,ontwerpen,ontwierp,ontwierpen
TVerb,versterken,versterkt,versterken,versterkte,versterkten
TVerb,vermoorden,vermoordt,vermoorden,vermoordde,vermoordden
TVerb,beantwoorden,beantwoordt,beantwoorden,beantwoordde,beantwoordden
TVerb,vergroten,vergroot,vergroten,vergrootte,vergrootten
TVerb,vernietigen,vernietigt,vernietigen,vernietigde,vernietigden
TVerb,stimuleren,stimuleert,stimuleren,stimuleerde,stimuleerden
TVerb,besteden,besteedt,besteden,besteedde,besteedden
TVerb,informeren,informeert,informeren,informeerde,informeerden
TVerb,bewaren,bewaart,bewaren,bewaarde,bewaarden
TVerb,herkennen,herkent,herkennen,herkende,herkenden
TVerb,bestrijden,bestrijdt,bestrijden,bestreed,bestreden
TVerb,verkrijgen,verkrijgt,verkrijgen,verkreeg,verkregen
TVerb,verbinden,verbindt,verbinden,verbond,verbonden
TVerb,arresteren,arresteert,arresteren,arresteerde,arresteerden
TVerb,verzinnen,verzint,verzinnen,verzon,verzonnen
TVerb,beschrijven,beschrijft,beschrijven,beschreef,beschreven
TVerb,huren,huurt,huren,huurde,huurden
TVerb,dwingen,dwingt,dwingen,dwong,dwongen
TVerb,verzorgen,verzorgt,verzorgen,verzorgde,verzorgden
TVerb,garanderen,garandeert,garanderen,garandeerde,garandeerden
TVerb,ontkennen,ontkent,ontkennen,ontkende,ontkenden
TVerb,snijden,snijdt,snijden,sneed,sneden
TVerb,schilderen,schildert,schilderen,schilderde,schilderden
TVerb,presenteren,presenteert,presenteren,presenteerde,presenteerden
TVerb,combineren,combineert,combineren,combineerde,combineerden
TVerb,betrekken,betrekt,betrekken,betrok,betrokken
TVerb,vervullen,vervult,vervullen,vervulde,vervulden
TVerb,inspireren,inspireert,inspireren,inspireerde,inspireerden
TVerb,verlengen,verlengt,verlengen,verlengde,verlengden
TVerb,herhalen,herhaalt,herhalen,herhaalde,herhaalden
TVerb,verbranden,verbrandt,verbranden,verbrandde,verbrandden
TVerb,verdelen,verdeelt,verdelen,verdeelde,verdeelden
TVerb,registreren,registreert,registreren,registreerde,registreerden
TVerb,vertalen,vertaalt,vertalen,vertaalde,vertaalden
TVerb,bereiden,bereidt,bereiden,bereidde,bereidden
TVerb,wijzigen,wijzigt,wijzigen,wijzigde,wijzigden
TVerb,beïnvloeden,beïnvloedt,beïnvloeden,beïnvloedde,beïnvloedden
TVerb,vestigen,vestigt,vestigen,vestigde,vestigden
TVerb,beschouwen,beschouwt,beschouwen,beschouwde,beschouwden
TVerb,vertegenwoordigen,vertegenwoordigt,vertegenwoordigen,vertegenwoordigde,vertegenwoordigden
TVerb,beheersen,beheerst,beheersen,beheerste,beheersten
TVerb,vervoeren,vervoert,vervoeren,vervoerde,vervoerden
TVerb,verlenen,verleent,verlenen,verleende,verleenden
TVerb,bestuderen,bestudeert,bestuderen,bestudeerde,bestudeerden
TVerb,achterhalen,achterhaalt,achterhalen,achterhaalde,achterhaalden
TVerb,voeden,voedt,voeden,voedde,voedden
TVerb,bezitten,bezit,bezitten,bezat,bezaten
TVerb,respecteren,respecteert,respecteren,respecteerde,respecteerden
TVerb,snappen,snapt,snappen,snapte,snapten
TVerb,verlagen,verlaagt,verlagen,verlaagde,verlaagden
TVerb,bevrijden,bevrijdt,bevrijden,bevrijdde,bevrijdden
TVerb,installeren,installeert,installeren,installeerde,installeerden
TVerb,benoemen,benoemt,benoemen,benoemde,benoemden
TVerb,checken,checkt,checken,checkte,checkten
TVerb,variëren,varieert,variëren,varieerde,varieerden
TVerb,verrichten,verricht,verrichten,verrichtte,verrichtten
TVerb,putten,put,putten,putte,putten
TVerb,veroveren,verovert,veroveren,veroverde,veroverden
TVerb,regeren,regeert,regeren,regeerde,regeerden
TVerb,begeleiden,begeleidt,begeleiden,begeleidde,begeleidden
TVerb,aanvaarden,aanvaardt,aanvaarden,aanvaardde,aanvaardden
TVerb,zenden,zendt,zenden,zond,zonden
TVerb,werpen,werpt,werpen,wierp,wierpen
TVerb,benaderen,benadert,benaderen,benaderde,benaderden
TVerb,beheren,beheert,beheren,beheerde,beheerden
TVerb,financieren,financiert,financieren,financierde,financierden
TVerb,verstrekken,verstrekt,verstrekken,verstrekte,verstrekten
TVerb,slikken,slikt,slikken,slikte,slikten
TVerb,analyseren,analyseert,analyseren,analyseerde,analyseerden
TVerb,zwaaien,zwaait,zwaaien,zwaaide,zwaaiden
TVerb,bedreigen,bedreigt,bedreigen,bedreigde,bedreigden
TVerb,koppelen,koppelt,koppelen,koppelde,koppelden
TVerb,programmeren,programmeert,programmeren,programmeerde,programmeerden
TVerb,verspillen,verspilt,verspillen,verspilde,verspilden
TVerb,versieren,versiert,versieren,versierde,versierden
TVerb,likken,likt,likken,likte,likten
TVerb,beschuldigen,beschuldigt,beschuldigen,beschuldigde,beschuldigden
IVerb,blijven,blijft,blijven,bleef,bleven
IVerb,landen,landt,landen,landde,landden
IVerb,slapen,slaapt,slapen,sliep,sliepen
IVerb,kosten,kost,kosten,kostte,kostten
IVerb,stappen,stapt,stappen,stapte,stapten
IVerb,reizen,reist,reizen,reisde,reisden
IVerb,reageren,reageert,reageren,reageerde,reageerden
IVerb,lachen,lacht,lachen,lachte,lachten
IVerb,vechten,vecht,vechten,vocht,vochten
IVerb,verschillen,verschilt,verschillen,verschilde,verschilden
IVerb,duren,duurt,duren,duurde,duurden
IVerb,verdwijnen,verdwijnt,verdwijnen,verdween,verdwenen
IVerb,zwemmen,zwemt,zwemmen,zwom,zwommen
IVerb,vissen,vist,vissen,viste,visten
IVerb,vertrekken,vertrekt,vertrekken,vertrok,vertrokken
IVerb,vluchten,vlucht,vluchten,vluchtte,vluchtten
IVerb,behoren,behoort,behoren,behoorde,behoorden
IVerb,kampen,kampt,kampen,kampte,kampten
IVerb,overlijden,overlijdt,overlijden,overleed,overleden
IVerb,klagen,klaagt,klagen,klaagde,klaagden
IVerb,ontsnappen,ontsnapt,ontsnappen,ontsnapte,ontsnapten
IVerb,verhuizen,verhuist,verhuizen,verhuisde,verhuisden
IVerb,verschijnen,verschijnt,verschijnen,verscheen,verschenen
IVerb,bedanken,bedankt,bedanken,bedankte,bedankten
IVerb,lukken,lukt,lukken,lukte,lukten
IVerb,letten,let,letten,lette,letten
IVerb,zwijgen,zwijgt,zwijgen,zweeg,zwegen
IVerb,handelen,handelt,handelen,handelde,handelden
IVerb,spellen,spelt,spellen,spelde,spelden
IVerb,gelden,geldt,gelden,gold,golden
IVerb,slagen,slaagt,slagen,slaagde,slaagden
IVerb,ontbreken,ontbreekt,ontbreken,ontbrak,ontbraken
IVerb,verblijven,verblijft,verblijven,verbleef,verbleven
IVerb,duiken,duikt,duiken,dook,doken
IVerb,wennen,went,wennen,wende,wenden
IVerb,sparen,spaart,sparen,spaarde,spaarden
IVerb,profiteren,profiteert,profiteren,profiteerde,profiteerden
IVerb,beschikken,beschikt,beschikken,beschikte,beschikten
IVerb,functioneren,functioneert,functioneren,functioneerde,functioneerden
IVerb,klinken,klinkt,klinken,klonk,klonken
IVerb,stranden,strandt,stranden,strandde,strandden
IVerb,schudden,schudt,schudden,schudde,schudden
IVerb,koppen,kopt,koppen,kopte,kopten
IVerb,dalen,daalt,dalen,daalde,daalden
IVerb,twijfelen,twijfelt,twijfelen,twijfelde,twijfelden
IVerb,winkelen,winkelt,winkelen,winkelde,winkelden
IVerb,schamen,schaamt,schamen,schaamde,schaamden
IVerb,onderhandelen,onderhandelt,onderhandelen,onderhandelde,onderhandelden
IVerb,bemoeien,bemoeit,bemoeien,bemoeide,bemoeiden
IVerb,falen,faalt,falen,faalde,faalden
IVerb,schijnen,schijnt,schijnen,scheen,schenen
IVerb,verbazen,verbaast,verbazen,verbaasde,verbaasden
IVerb,verzetten,verzet,verzetten,verzette,verzetten
IVerb,voetballen,voetbalt,voetballen,voetbalde,voetbalden
IVerb,schaatsen,schaatst,schaatsen,schaatste,schaatsten
IVerb,dreigen,dreigt,dreigen,dreigde,dreigden
IVerb,ademen,ademt,ademen,ademde,ademden
IVerb,logeren,logeert,logeren,logeerde,logeerden
IVerb,vervelen,verveelt,vervelen,verveelde,verveelden
IVerb,bedienen,bedient,bedienen,bediende,bedienden
IVerb,verenigen,verenigt,verenigen,verenigde,verenigden
IVerb,belanden,belandt,belanden,belandde,belandden
IVerb,discussiëren,discussieert,discussiëren,discussieerde,discussieerden
IVerb,rapporteren,rapporteert,rapporteren,rapporteerde,rapporteerden
IVerb,krimpen,krimpt,krimpen,kromp,krompen
IVerb,activeren,activeert,activeren,activeerde,activeerden
IVerb,heersen,heerst,heersen,heerste,heersten
IVerb,arriveren,arriveert,arriveren,arriveerde,arriveerden
IVerb,fungeren,fungeert,fungeren,fungeerde,fungeerden
IVerb,mislukken,mislukt,mislukken,mislukte,mislukten
IVerb,glijden,glijdt,glijden,gleed,gleden
IVerb,suggereren,suggereert,suggereren,suggereerde,suggereerden
IVerb,dineren,dineert,dineren,dineerde,dineerden
IVerb,ontwaken,ontwaakt,ontwaken,ontwaakte,ontwaakten
IVerb,manipuleren,manipuleert,manipuleren,manipuleerde,manipuleerden
IVerb,verkeren,verkeert,verkeren,verkeerde,verkeerden
IVerb,vloeien,vloeit,vloeien,vloeide,vloeiden
IVerb,rouwen,rouwt,rouwen,rouwde,rouwden
IVerb,vergaderen,vergadert,vergaderen,vergaderde,vergaderden
IVerb,botsen,botst,botsen,botste,botsten
IVerb,ontploffen,ontploft,ontploffen,ontplofte,ontploften
IVerb,verheugen,verheugt,verheugen,verheugde,verheugden
IVerb,onttrekken,onttrekt,onttrekken,onttrok,onttrokken
IVerb,glimlachen,glimlacht,glimlachen,glimlachte,glimlachten
IVerb,verrijken,verrijkt,verrijken,verrijkte,verrijkten
IVerb,emigreren,emigreert,emigreren,emigreerde,emigreerden
IVerb,stinken,stinkt,stinken,stonk,stonken
IVerb,verbreden,verbreedt,verbreden,verbreedde,verbreedden
IVerb,trachten,tracht,trachten,trachtte,trachtten
IVerb,dateren,dateert,dateren,dateerde,dateerden
IVerb,volstaan,volstaat,volstaan,volstond,volstonden
IVerb,schitteren,schittert,schitteren,schitterde,schitterden
IVerb,promoveren,promoveert,promoveren,promoveerde,promoveerden
IVerb,vriezen,vriest,vriezen,vroor,vroren
IVerb,sneuvelen,sneuvelt,sneuvelen,sneuvelde,sneuvelden
IVerb,bukken,bukt,bukken,bukte,bukten
IVerb,bemiddelen,bemiddelt,bemiddelen,bemiddelde,bemiddelden
IVerb,zegevieren,zegeviert,zegevieren,zegevierde,zegevierden
IVerb,rijpen,rijpt,rijpen,rijpte,rijpten
IVerb,tasten,tast,tasten,tastte,tastten
IVerb,resulteren,resulteert,resulteren,resulteerde,resulteerden
IVerb,geschieden,geschiedt,geschieden,geschiedde,geschiedden
IVerb,wreken,wreekt,wreken,wreekte,wreekten
IVerb,knikken,knikt,knikken,knikte,knikten
IVerb,flippen,flipt,flippen,flipte,flipten
IVerb,vertoeven,vertoeft,vertoeven,vertoefde,vertoefden
IVerb,rijzen,rijst,rijzen,rees,rezen
IVerb,mikken,mikt,mikken,mikte,mikten
IVerb,nestelen,nestelt,nestelen,nestelde,nestelden
IVerb,pauzeren,pauzeert,pauzeren,pauzeerde,pauzeerden
IVerb,berusten,berust,berusten,berustte,berustten
IVerb,verrijzen,verrijst,verrijzen,verrees,verrezen
IVerb,bezwijken,bezwijkt,bezwijken,bezweek,bezweken
Comp,maken,maakt,maken,maakte,maakten
Comp,zien,ziet,zien,zag,zagen
Comp,vinden,vindt,vinden,vond,vonden
Comp,krijgen,krijgt,krijgen,kreeg,kregen
Comp,nemen,neemt,nemen,nam,namen
Comp,helpen,helpt,helpen,hielp,hielpen
Comp,denken,denkt,denken,dacht,dachten
Comp,zorgen,zorgt,zorgen,zorgde,zorgden
Comp,brengen,brengt,brengen,bracht,brachten
Comp,horen,hoort,horen,hoorde,hoorden
Comp,zoeken,zoekt,zoeken,zocht,zochten
Comp,lezen,leest,lezen,las,lazen
Comp,noemen,noemt,noemen,noemde,noemden
Comp,schrijven,schrijft,schrijven,schreef,schreven
Comp,begrijpen,begrijpt,begrijpen,begreep,begrepen
Comp,hopen,hoopt,hopen,hoopte,hoopten
Comp,bekijken,bekijkt,bekijken,bekeek,bekeken
Comp,verliezen,verliest,verliezen,verloor,verloren
Comp,eisen,eist,eisen,eiste,eisten
Comp,verwachten,verwacht,verwachten,verwachtte,verwachtten
Comp,dromen,droomt,dromen,droomde,droomden
Comp,melden,meldt,melden,meldde,meldden
